dwdii,Aaron_Eckhart_0001.jpg,neutral
302,Abdullah_Nasseef_0001.jpg,surprise
302,Adam_Mair_0001.jpg,surprise
302,Al_Gore_0002.jpg,anger
302,Al_Sharpton_0005.jpg,surprise
302,Alain_Cervantes_0001.jpg,sadness
302,Alan_Greenspan_0003.jpg,surprise
302,Alejandro_Toledo_0004.jpg,anger
302,Alessandra_Cerna_0001.jpg,sadness
302,Alexander_Losyukov_0003.jpg,sadness
302,Alexander_Lukashenko_0001.jpg,anger
302,Alicia_Hollowell_0001.jpg,anger
302,Allen_Iverson_0001.jpg,surprise
302,Allison_Janney_0001.jpg,surprise
302,Alvaro_Noboa_0002.jpg,anger
302,Alvaro_Silva_Calderon_0001.jpg,surprise
302,Alvaro_Uribe_0001.jpg,surprise
302,Alvaro_Uribe_0014.jpg,surprise
302,Amanda_Coetzer_0001.jpg,sadness
302,Amber_Frey_0001.jpg,sadness
302,Amelie_Mauresmo_0002.jpg,surprise
302,Amelie_Mauresmo_0005.jpg,surprise
302,Amelie_Mauresmo_0009.jpg,surprise
302,Amelie_Mauresmo_0014.jpg,surprise
302,Amy_Gale_0001.jpg,sadness
302,Anastasia_Myskina_0001.jpg,anger
302,Anastasia_Myskina_0002.jpg,surprise
302,Anastasia_Myskina_0003.jpg,anger
302,Anders_Fogh_Rasmussen_0001.jpg,surprise
302,Andre_Agassi_0012.jpg,surprise
302,Andre_Agassi_0014.jpg,sadness
302,Andre_Agassi_0034.jpg,sadness
302,Andreas_Vinciguerra_0001.jpg,surprise
302,Andrew_Shutley_0001.jpg,sadness
302,Anette_Hosoi_0001.jpg,sadness
302,Angelina_Jolie_0005.jpg,anger
302,Anna_Chicherova_0001.jpg,surprise
302,Anna_Jones_0001.jpg,sadness
302,Anna_Kournikova_0011.jpg,sadness
302,Anne_Donovan_0001.jpg,surprise
302,Antonio_Banderas_0004.jpg,surprise
302,Antonio_Cassano_0001.jpg,sadness
302,Aram_Adler_0001.jpg,surprise
302,Arnaud_Clement_0001.jpg,contempt
302,Arnaud_Lagardere_0001.jpg,sadness
302,Arnold_Schwarzenegger_0023.jpg,anger
302,Arnold_Schwarzenegger_0024.jpg,surprise
302,Arnold_Schwarzenegger_0032.jpg,surprise
302,Aron_Ralston_0001.jpg,surprise
302,Arthur_Johnson_0001.jpg,surprise
302,Atal_Bihari_Vajpayee_0010.jpg,anger
302,Atal_Bihari_Vajpayee_0021.jpg,surprise
302,Augustin_Calleri_0004.jpg,surprise
302,Aung_San_Suu_Kyi_0002.jpg,sadness
302,Barry_Alvarez_0001.jpg,surprise
302,Begum_Khaleda_Zia_0002.jpg,surprise
302,Ben_Braun_0001.jpg,anger
302,Beth_Blough_0001.jpg,sadness
302,Betsy_Coffin_0001.jpg,sadness
302,Beyonce_Knowles_0001.jpg,surprise
302,Bill_Carmody_0001.jpg,surprise
302,Bill_Frist_0004.jpg,surprise
302,Bill_Graham_0003.jpg,surprise
302,Bill_Graham_0005.jpg,anger
302,Bill_Self_0001.jpg,surprise
302,Bill_Simon_0004.jpg,surprise
dwdii,Bill_Simon_0012.jpg,surprise
302,Bill_Simon_0014.jpg,surprise
302,Billy_Crystal_0004.jpg,anger
302,Billy_Donovan_0001.jpg,anger
302,Bo_Ryan_0001.jpg,surprise
302,Bob_Huggins_0001.jpg,anger
302,Bob_Huggins_0004.jpg,anger
302,Bob_Riley_0001.jpg,surprise
302,Boris_Becker_0002.jpg,sadness
302,Brad_Garrett_0004.jpg,surprise
302,Brian_Scalabrine_0001.jpg,anger
302,Britney_Spears_0011.jpg,sadness
302,Bruce_Springsteen_0003.jpg,surprise
302,Bruce_Van_De_Velde_0002.jpg,sadness
302,Bud_Selig_0004.jpg,anger
302,Carlos_Arroyo_0001.jpg,anger
302,Carlos_Moya_0002.jpg,sadness
302,Carlos_Ortega_0001.jpg,anger
302,Casy_Preslar_0001.jpg,surprise
302,Celine_Dion_0003.jpg,sadness
302,Celine_Dion_0008.jpg,anger
302,Chante_Jawan_Mallard_0001.jpg,sadness
302,Charles_Moose_0001.jpg,anger
302,Charles_Moose_0002.jpg,anger
302,Charles_Moose_0004.jpg,anger
302,Charles_Moose_0006.jpg,anger
302,Charles_Moose_0013.jpg,anger
302,Charlotte_Chambers_0001.jpg,sadness
302,Cherie_Blair_0002.jpg,surprise
302,Chris_Bell_0002.jpg,sadness
302,Chris_Byrd_0001.jpg,surprise
302,Chris_Hernandez_0001.jpg,surprise
302,Chris_Neil_0001.jpg,surprise
302,Christine_Gregoire_0004.jpg,surprise
302,Christine_Todd_Whitman_0003.jpg,surprise
302,Christoph_Daum_0001.jpg,surprise
302,Claire_Leger_0001.jpg,sadness
302,Clara_Harris_0001.jpg,sadness
302,Colin_Powell_0007.jpg,anger
302,Colin_Powell_0030.jpg,anger
302,Colin_Powell_0043.jpg,anger
302,Colin_Powell_0055.jpg,anger
302,Colin_Powell_0149.jpg,anger
302,Colin_Powell_0180.jpg,anger
302,Colin_Powell_0181.jpg,anger
302,Colin_Powell_0188.jpg,anger
302,Colin_Powell_0224.jpg,sadness
302,Colleen_Jones_0001.jpg,anger
302,Conchita_Martinez_0002.jpg,surprise
302,Dan_LaCoutre_0001.jpg,disgust
302,Dan_Monson_0001.jpg,surprise
302,Daniela_Hantuchova_0001.jpg,sadness
302,Danny_Green_0001.jpg,surprise
302,Dario_Franchitti_0001.jpg,surprise
302,Dariusz_Michalczewski_0001.jpg,anger
302,Darko_Milicic_0001.jpg,surprise
302,Dave_Campo_0001.jpg,surprise
302,Dave_Odom_0001.jpg,surprise
302,David_Kelley_0001.jpg,surprise
302,David_Modell_0001.jpg,sadness
302,David_Nalbandian_0006.jpg,disgust
302,David_Trimble_0005.jpg,surprise
302,Dawn_Staley_0001.jpg,surprise
302,Demi_Moore_0004.jpg,surprise
302,Dennis_Kucinich_0002.jpg,surprise
302,Dennis_Kucinich_0004.jpg,anger
302,Dennis_Kucinich_0006.jpg,anger
302,Derek_Jeter_0002.jpg,contempt
302,Diana_Ross_0001.jpg,surprise
302,Dick_Vermeil_0002.jpg,anger
302,Doc_Rivers_0001.jpg,anger
302,Donald_Rumsfeld_0027.jpg,anger
302,Donna_Shalala_0002.jpg,surprise
302,Doug_Collins_0002.jpg,anger
302,Eddie_Lucio_0001.jpg,surprise
302,Elaine_Stritch_0001.jpg,surprise
302,Elena_Bovina_0003.jpg,sadness
302,Elijan_Ingram_0001.jpg,anger
302,Ellen_DeGeneres_0002.jpg,fear
302,Elton_John_0002.jpg,surprise
302,Eric_Idle_0001.jpg,anger
302,Eric_Ryan_Donnelly_0001.jpg,surprise
302,Eric_Taino_0001.jpg,anger
302,Erika_Harold_0001.jpg,surprise
302,Erika_Harold_0002.jpg,fear
302,Erin_Runnion_0002.jpg,sadness
302,Erin_Runnion_0004.jpg,sadness
302,Ernie_Harwell_0001.jpg,anger
302,Evan_Marriott_0001.jpg,surprise
302,Fabian_Vargas_0001.jpg,surprise
628,facial-expressions_2868582k.jpg,fear
628,facial-expressions_2868584k.jpg,disgust
628,facial-expressions_2868585k.jpg,surprise
628,facial-expressions_2868588k.jpg,anger
302,Fayssal_Mekdad_0003.jpg,sadness
302,Felix_Mantilla_0001.jpg,anger
302,Fernando_Gonzalez_0001.jpg,anger
302,Fernando_Gonzalez_0004.jpg,surprise
302,Fernando_Gonzalez_0005.jpg,surprise
302,Fernando_Gonzalez_0006.jpg,surprise
302,Fidel_Castro_0001.jpg,surprise
302,Filippo_Inzaghi_0001.jpg,anger
302,Filippo_Inzaghi_0002.jpg,anger
302,Francisco_Garcia_0001.jpg,surprise
302,Gala_Leon_Garcia_0001.jpg,anger
302,Garry_Witherall_0001.jpg,surprise
302,Gary_Williams_0001.jpg,surprise
302,Gene_Keady_0001.jpg,anger
302,Geno_Auriemma_0001.jpg,anger
302,George_Blaney_0001.jpg,anger
302,George_Gregan_0001.jpg,surprise
302,George_Lopez_0001.jpg,surprise
302,George_Lopez_0002.jpg,surprise
302,George_Pataki_0004.jpg,sadness
302,George_Robertson_0010.jpg,surprise
302,George_Robertson_0012.jpg,surprise
302,George_Robertson_0014.jpg,anger
302,George_Tenet_0002.jpg,surprise
302,George_W_Bush_0003.jpg,surprise
302,George_W_Bush_0012.jpg,surprise
302,George_W_Bush_0017.jpg,surprise
302,George_W_Bush_0042.jpg,anger
302,George_W_Bush_0056.jpg,surprise
302,George_W_Bush_0062.jpg,surprise
302,George_W_Bush_0070.jpg,surprise
302,George_W_Bush_0121.jpg,surprise
302,George_W_Bush_0131.jpg,surprise
302,George_W_Bush_0132.jpg,sadness
302,George_W_Bush_0148.jpg,anger
302,George_W_Bush_0160.jpg,surprise
302,George_W_Bush_0161.jpg,surprise
302,George_W_Bush_0163.jpg,sadness
302,George_W_Bush_0169.jpg,surprise
302,George_W_Bush_0172.jpg,surprise
302,George_W_Bush_0191.jpg,sadness
302,George_W_Bush_0202.jpg,surprise
302,George_W_Bush_0220.jpg,surprise
302,George_W_Bush_0224.jpg,surprise
302,George_W_Bush_0226.jpg,anger
302,George_W_Bush_0266.jpg,anger
302,George_W_Bush_0306.jpg,anger
302,George_W_Bush_0313.jpg,surprise
302,George_W_Bush_0317.jpg,surprise
302,George_W_Bush_0343.jpg,surprise
302,George_W_Bush_0349.jpg,surprise
302,George_W_Bush_0351.jpg,surprise
302,George_W_Bush_0354.jpg,anger
302,George_W_Bush_0356.jpg,surprise
302,George_W_Bush_0358.jpg,surprise
302,George_W_Bush_0359.jpg,surprise
302,George_W_Bush_0406.jpg,surprise
302,George_W_Bush_0432.jpg,sadness
302,George_W_Bush_0466.jpg,surprise
302,George_W_Bush_0486.jpg,surprise
302,George_W_Bush_0488.jpg,surprise
302,George_W_Bush_0492.jpg,anger
302,George_W_Bush_0503.jpg,anger
302,George_W_Bush_0507.jpg,surprise
302,George_W_Bush_0510.jpg,anger
302,George_W_Bush_0511.jpg,surprise
302,George_W_Bush_0514.jpg,surprise
302,George_W_Bush_0520.jpg,surprise
302,Georgia_Giddings_0001.jpg,sadness
302,Gerald_Fitch_0001.jpg,surprise
302,Geraldine_Chaplin_0004.jpg,surprise
302,Gerhard_Schroeder_0003.jpg,sadness
302,Gerhard_Schroeder_0008.jpg,sadness
302,Gerhard_Schroeder_0037.jpg,sadness
302,Gerhard_Schroeder_0064.jpg,anger
302,Gerhard_Schroeder_0085.jpg,anger
302,Gerhard_Schroeder_0088.jpg,anger
302,Gerhard_Schroeder_0103.jpg,surprise
302,Gerry_Parsky_0001.jpg,fear
302,Giuseppe_Gibilisco_0002.jpg,anger
302,Glenn_Rivers_0001.jpg,anger
302,Gloria_Allred_0002.jpg,surprise
302,Gloria_Macapagal_Arroyo_0008.jpg,surprise
302,Gloria_Macapagal_Arroyo_0028.jpg,surprise
302,Goran_Persson_0001.jpg,anger
302,Gordon_Campbell_0001.jpg,surprise
302,Gregg_Popovich_0001.jpg,surprise
302,Gregg_Popovich_0004.jpg,surprise
302,Gregg_Popovich_0005.jpg,surprise
302,Guennadi_Chipouline_0001.jpg,anger
302,Guillermo_Coria_0006.jpg,surprise
302,Guillermo_Coria_0030.jpg,sadness
302,Gustavo_Kuerten_0001.jpg,sadness
302,Gustavo_Kuerten_0002.jpg,sadness
302,Halle_Berry_0002.jpg,anger
302,Hans_Eichel_0002.jpg,surprise
302,Hayley_Tullett_0002.jpg,surprise
302,Helen_Darling_0001.jpg,surprise
302,Herb_Dhaliwal_0001.jpg,surprise
302,Herb_Sendek_0002.jpg,surprise
302,Herb_Sendek_0003.jpg,sadness
302,Herman_Edwards_0001.jpg,surprise
302,Hitomi_Soga_0001.jpg,sadness
302,Hitomi_Soga_0003.jpg,sadness
302,Hoda_Asfor_0001.jpg,sadness
302,Hubie_Brown_0001.jpg,surprise
302,Hugo_Chavez_0009.jpg,sadness
302,Hugo_Chavez_0018.jpg,sadness
302,Hugo_Chavez_0022.jpg,sadness
302,Hugo_Chavez_0034.jpg,anger
302,Hugo_Chavez_0057.jpg,surprise
302,Hugo_Chavez_0070.jpg,sadness
302,Ian_Thorpe_0009.jpg,surprise
user.id,image,emotion
302,Iva_Majoli_0001.jpg,sadness
302,Iva_Majoli_0002.jpg,fear
302,Ivan_Shvedoff_0001.jpg,surprise
302,Jack_Goodman_0001.jpg,surprise
302,Jack_Smith_0001.jpg,surprise
302,Jack_Straw_0004.jpg,anger
302,Jack_Straw_0027.jpg,surprise
302,Jackie_Chan_0006.jpg,fear
302,Jacques_Chirac_0003.jpg,surprise
302,James_Blake_0010.jpg,surprise
302,James_Blake_0012.jpg,surprise
302,James_Blake_0013.jpg,anger
302,James_Blake_0014.jpg,surprise
302,James_Brosnahan_0001.jpg,surprise
302,James_Carville_0001.jpg,anger
302,James_Kopp_0001.jpg,sadness
302,James_Parker_0002.jpg,surprise
302,James_Schultz_0001.jpg,sadness
302,James_Schultz_0002.jpg,surprise
302,Jan_Ullrich_0002.jpg,anger
302,Jan_Ullrich_0004.jpg,anger
302,Janela_Jara_0001.jpg,sadness
302,Janet_Napolitano_0003.jpg,surprise
302,Jaouad_Gharib_0001.jpg,surprise
dwdii,Javier_Vazquez_0001.jpg,surprise
dwdii,Javier_Weber_0002.jpg,anger
dwdii,Javier_Zanetti_0001.jpg,sadness
dwdii,Jean_Chretien_0010.jpg,anger
dwdii,Jean_Chretien_0046.jpg,anger
dwdii,Jean_Chretien_0048.jpg,surprise
dwdii,Jeane_Kirkpatrick_0001.jpg,surprise
dwdii,Jean-Pierre_Raffarin_0003.jpg,anger
dwdii,Jeb_Bush_0008.jpg,surprise
dwdii,Jeff_Van_Gundy_0001.jpg,surprise
dwdii,Jeff_Van_Gundy_0002.jpg,contempt
dwdii,Jelena_Dokic_0001.jpg,anger
dwdii,Jelena_Dokic_0006.jpg,surprise
dwdii,Jen_Bice_0001.jpg,anger
dwdii,Jennifer_Aniston_0001.jpg,fear
dwdii,Jennifer_Aniston_0003.jpg,sadness
dwdii,Jennifer_Aniston_0021.jpg,surprise
dwdii,Jennifer_Capriati_0001.jpg,anger
dwdii,Jennifer_Capriati_0002.jpg,anger
dwdii,Jennifer_Capriati_0003.jpg,anger
dwdii,Jennifer_Capriati_0007.jpg,anger
dwdii,Jennifer_Capriati_0009.jpg,anger
dwdii,Jennifer_Capriati_0010.jpg,anger
dwdii,Jennifer_Capriati_0011.jpg,anger
dwdii,Jennifer_Capriati_0012.jpg,anger
dwdii,Jennifer_Capriati_0013.jpg,anger
dwdii,Jennifer_Capriati_0015.jpg,anger
dwdii,Jennifer_Capriati_0016.jpg,anger
dwdii,Jennifer_Capriati_0018.jpg,anger
dwdii,Jennifer_Capriati_0019.jpg,anger
dwdii,Jennifer_Capriati_0020.jpg,anger
dwdii,Jennifer_Capriati_0022.jpg,surprise
dwdii,Jennifer_Capriati_0024.jpg,anger
dwdii,Jennifer_Capriati_0025.jpg,anger
dwdii,Jennifer_Capriati_0026.jpg,anger
dwdii,Jennifer_Capriati_0027.jpg,anger
dwdii,Jennifer_Capriati_0028.jpg,anger
dwdii,Jennifer_Capriati_0029.jpg,anger
dwdii,Jennifer_Capriati_0030.jpg,anger
dwdii,Jennifer_Capriati_0032.jpg,surprise
dwdii,Jennifer_Capriati_0033.jpg,anger
dwdii,Jennifer_Capriati_0034.jpg,anger
dwdii,Jennifer_Capriati_0035.jpg,anger
dwdii,Jennifer_Capriati_0036.jpg,anger
dwdii,Jennifer_Capriati_0037.jpg,surprise
dwdii,Jennifer_Capriati_0038.jpg,anger
dwdii,Jennifer_Capriati_0039.jpg,anger
dwdii,Jennifer_Capriati_0040.jpg,surprise
dwdii,Jennifer_Garner_0002.jpg,surprise
dwdii,Jennifer_Pena_0001.jpg,sadness
dwdii,Jens_Lehmann_0001.jpg,surprise
dwdii,Jeremy_Greenstock_0014.jpg,surprise
dwdii,Jeremy_Greenstock_0015.jpg,surprise
dwdii,Jeremy_Greenstock_0022.jpg,anger
dwdii,Jeremy_Wotherspoon_0001.jpg,surprise
dwdii,Jiang_Zemin_0013.jpg,sadness
dwdii,Jim_Calhoun_0001.jpg,surprise
dwdii,Jim_Carrey_0002.jpg,surprise
dwdii,Jim_Carrey_0003.jpg,surprise
dwdii,Jim_Talent_0001.jpg,surprise
dwdii,Jiri_Novak_0001.jpg,anger
dwdii,Jiri_Novak_0003.jpg,surprise
dwdii,Jiri_Novak_0004.jpg,surprise
dwdii,Jiri_Novak_0005.jpg,surprise
dwdii,JJ_Redick_0002.jpg,anger
dwdii,Joan_Claybrook_0001.jpg,surprise
dwdii,Joanne_Duquette_0001.jpg,sadness
dwdii,Joe_Lieberman_0009.jpg,sadness
dwdii,Joe_Strummer_0001.jpg,anger
dwdii,John_Ashcroft_0005.jpg,surprise
dwdii,John_Ashcroft_0028.jpg,surprise
dwdii,John_Ashcroft_0030.jpg,anger
dwdii,John_Brady_0002.jpg,anger
dwdii,John_Cusack_0001.jpg,surprise
dwdii,John_Edwards_0007.jpg,sadness
dwdii,John_Elway_0001.jpg,surprise
dwdii,John_Fox_0001.jpg,surprise
dwdii,John_Gruden_0001.jpg,anger
dwdii,John_Hartson_0001.jpg,anger
dwdii,John_Howard_0017.jpg,anger
dwdii,John_Kerry_0002.jpg,surprise
dwdii,John_Kerry_0003.jpg,surprise
dwdii,John_Kerry_0015.jpg,surprise
dwdii,John_Mabry_0001.jpg,surprise
dwdii,John_Negroponte_0021.jpg,surprise
dwdii,John_Negroponte_0026.jpg,surprise
dwdii,John_Paul_II_0008.jpg,anger
dwdii,John_Swofford_0002.jpg,sadness
dwdii,John_Tyson_0001.jpg,surprise
dwdii,Jon_Stewart_0001.jpg,sadness
dwdii,Jonathan_Edwards_0007.jpg,anger
dwdii,Jorge_Valdano_0001.jpg,surprise
dwdii,Jorge_Valdano_0002.jpg,surprise
dwdii,Jose_Mourinho_0002.jpg,contempt
dwdii,Jose_Woldenberg_0001.jpg,surprise
dwdii,Josh_Evans_0001.jpg,anger
dwdii,Juan_Carlos_Ferrero_0019.jpg,anger
dwdii,Juan_Ignacio_Chela_0002.jpg,surprise
dwdii,Jude_Law_0002.jpg,anger
dwdii,Julie_Gerberding_0015.jpg,surprise
dwdii,Julio_Rossi_0001.jpg,anger
dwdii,Junichi_Inamoto_0001.jpg,sadness
dwdii,Justin_Gatlin_0001.jpg,sadness
dwdii,Keith_Lowen_0001.jpg,surprise
dwdii,Keith_Rodriguez_0001.jpg,sadness
dwdii,Kevin_Stallings_0002.jpg,surprise
dwdii,Kim_Clijsters_0001.jpg,anger
JN721,Kim_Clijsters_0008.jpg,anger
JN721,Kim_Clijsters_0009.jpg,anger
JN721,Kim_Clijsters_0010.jpg,anger
JN721,Kim_Clijsters_0011.jpg,anger
JN721,Kim_Clijsters_0012.jpg,disgust
JN721,Kim_Hong-up_0001.jpg,sadness
JN721,Kristen_Breitweiser_0002.jpg,surprise
JN721,Kristy_Curry_0001.jpg,surprise
JN721,Kurt_Suzuki_0001.jpg,anger
JN721,Kwon_Young-gil_0001.jpg,sadness
JN721,Larry_Brown_0002.jpg,anger
JN721,Larry_Brown_0007.jpg,anger
JN721,Larry_Lindsey_0002.jpg,anger
JN721,Latrell_Sprewell_0001.jpg,anger
JN721,Laura_Bush_0028.jpg,surprise
JN721,Laura_Bush_0037.jpg,surprise
JN721,Laura_Flessel_0001.jpg,sadness
JN721,Lawrence_Roberts_0001.jpg,anger
JN721,Lee_Hoi-chang_0003.jpg,surprise
JN721,Lenny_Wilkens_0001.jpg,surprise
JN721,Lenny_Wilkens_0002.jpg,surprise
JN721,Leonard_Hamilton_0002.jpg,anger
JN721,Lindsay_Davenport_0001.jpg,anger
JN721,Lindsay_Davenport_0002.jpg,anger
JN721,Lindsay_Davenport_0005.jpg,anger
JN721,Lindsay_Davenport_0006.jpg,anger
JN721,Lindsay_Davenport_0007.jpg,sadness
JN721,Lindsay_Davenport_0009.jpg,anger
JN721,Lindsay_Davenport_0010.jpg,sadness
JN721,Lindsay_Davenport_0012.jpg,anger
JN721,Lindsay_Davenport_0016.jpg,anger
JN721,Lindsay_Davenport_0019.jpg,anger
JN721,Lindsay_Davenport_0022.jpg,surprise
dwdii,Lisa_Murkowski_0001.jpg,surprise
dwdii,Lisa_Stone_0001.jpg,surprise
JN721,LK_Advani_0001.jpg,surprise
JN721,LK_Advani_0003.jpg,surprise
dwdii,Lleyton_Hewitt_0006.jpg,surprise
dwdii,Lleyton_Hewitt_0009.jpg,surprise
dwdii,Lleyton_Hewitt_0011.jpg,surprise
dwdii,Lleyton_Hewitt_0012.jpg,surprise
dwdii,Lleyton_Hewitt_0013.jpg,fear
dwdii,Lleyton_Hewitt_0014.jpg,anger
dwdii,Lleyton_Hewitt_0015.jpg,anger
dwdii,Lleyton_Hewitt_0022.jpg,surprise
dwdii,Lleyton_Hewitt_0025.jpg,surprise
dwdii,Lleyton_Hewitt_0040.jpg,sadness
dwdii,Lleyton_Hewitt_0041.jpg,surprise
dwdii,Lon_Kruger_0001.jpg,anger
dwdii,Lon_Kruger_0002.jpg,anger
dwdii,Lou_Piniella_0003.jpg,surprise
dwdii,Lucio_Angulo_0001.jpg,surprise
dwdii,Ludivine_Sagnier_0001.jpg,surprise
dwdii,Luis_Horna_0002.jpg,surprise
dwdii,Luis_Sanchez_0001.jpg,sadness
dwdii,Luiz_Inacio_Lula_da_Silva_0023.jpg,surprise
dwdii,Lynne_Cheney_0003.jpg,surprise
dwdii,Magdalena_Maleeva_0001.jpg,sadness
dwdii,Mahathir_Mohamad_0003.jpg,disgust
dwdii,Mahathir_Mohamad_0006.jpg,surprise
dwdii,Malak_Habbak_0001.jpg,surprise
dwdii,Manuel_Jesus_0001.jpg,anger
dwdii,Marat_Safin_0001.jpg,anger
dwdii,Marat_Safin_0002.jpg,anger
dwdii,Marat_Safin_0003.jpg,anger
dwdii,Marcella_Anderson_0001.jpg,sadness
dwdii,Marcelo_Rios_0003.jpg,sadness
dwdii,Marcus_Gronholm_0002.jpg,surprise
dwdii,Maribel_Dominguez_0001.jpg,anger
dwdii,Mark_Bellhorn_0001.jpg,surprise
dwdii,Mark_Cuban_0002.jpg,surprise
dwdii,Mark_Dacey_0001.jpg,surprise
dwdii,Mark_Dacey_0002.jpg,anger
dwdii,Mark_Heller_0001.jpg,anger
dwdii,Mark_Hurlbert_0004.jpg,anger
dwdii,Mark_McClellan_0001.jpg,surprise
dwdii,Mark_Philippoussis_0002.jpg,contempt
dwdii,Mark_Philippoussis_0005.jpg,anger
dwdii,Mark_Philippoussis_0008.jpg,anger
dwdii,Mark_Schweiker_0002.jpg,surprise
dwdii,Marquis_Estill_0001.jpg,surprise
dwdii,Martha_Lucia_Ramirez_0002.jpg,surprise
dwdii,Martha_Lucia_Ramirez_0004.jpg,surprise
dwdii,Martha_Martinez_Flores_0001.jpg,sadness
dwdii,Martin_Brodeur_0001.jpg,surprise
dwdii,Martin_Keown_0001.jpg,surprise
dwdii,Martin_Rodriguez_0001.jpg,surprise
dwdii,Martina_Hingis_0003.jpg,surprise
dwdii,Mary_Carey_0004.jpg,disgust
dwdii,Matt_Braker_0001.jpg,surprise
dwdii,Matt_Doherty_0002.jpg,surprise
dwdii,Matt_Doherty_0003.jpg,surprise
dwdii,Maxim_Afinogenov_0001.jpg,surprise
dwdii,Megan_Mullally_0002.jpg,surprise
dwdii,Megawati_Sukarnoputri_0006.jpg,surprise
dwdii,Michael_Bloomberg_0016.jpg,surprise
dwdii,Michael_Chang_0002.jpg,surprise
dwdii,Michael_Chang_0005.jpg,anger
dwdii,Michael_Chang_0008.jpg,sadness
dwdii,Michael_Hoffa_0001.jpg,surprise
dwdii,Michael_Moore_0001.jpg,surprise
dwdii,Michael_Olowokandi_0001.jpg,anger
dwdii,Michael_Pfleger_0001.jpg,anger
dwdii,Michael_Schumacher_0006.jpg,anger
dwdii,Michelle_Branch_0002.jpg,anger
dwdii,Michelle_Kwan_0002.jpg,surprise
dwdii,Mick_Jagger_0005.jpg,anger
dwdii,Mike_Babcock_0002.jpg,anger
dwdii,Mike_Brey_0002.jpg,anger
dwdii,Mike_Krzyzewski_0002.jpg,anger
dwdii,Mike_Krzyzewski_0005.jpg,anger
dwdii,Mike_Krzyzewski_0006.jpg,surprise
dwdii,Mike_Miller_0002.jpg,surprise
dwdii,Mike_Montgomery_0002.jpg,surprise
dwdii,Mike_Myers_0004.jpg,surprise
dwdii,Mike_Samp_0001.jpg,anger
dwdii,Mike_Thibault_0001.jpg,anger
dwdii,Mike_Weir_0003.jpg,surprise
dwdii,Milan_Kucan_0001.jpg,contempt
dwdii,Mirela_Manjani_0001.jpg,fear
dwdii,Mitchell_Potter_0001.jpg,surprise
dwdii,Monica_Bellucci_0001.jpg,surprise
dwdii,Monica_Seles_0001.jpg,surprise
dwdii,Monica_Seles_0003.jpg,anger
dwdii,Monica_Seles_0005.jpg,anger
dwdii,Monica_Seles_0006.jpg,disgust
dwdii,Muffet_McGraw_0001.jpg,surprise
dwdii,Mukesh_Ambani_0002.jpg,surprise
dwdii,Nadia_Petrova_0003.jpg,anger
dwdii,Nan_Wang_0003.jpg,sadness
dwdii,Nancy_Pelosi_0009.jpg,surprise
dwdii,Nancy_Pelosi_0013.jpg,surprise
dwdii,Naomi_Watts_0011.jpg,surprise
dwdii,Natalia_Motuziuk_0001.jpg,sadness
dwdii,Natalie_Coughlin_0003.jpg,contempt
dwdii,Natalie_Maines_0003.jpg,surprise
dwdii,Natalie_Williams_0001.jpg,surprise
dwdii,Nate_Blackwell_0001.jpg,fear
dwdii,Nathalie_Gagnon_0001.jpg,surprise
dwdii,Nathan_Doudney_0001.jpg,anger
dwdii,Nathan_Lane_0001.jpg,surprise
dwdii,Nelson_Mandela_0002.jpg,sadness
dwdii,Nicolas_Cage_0004.jpg,sadness
dwdii,Nicolas_Lapentti_0002.jpg,surprise
dwdii,Nicolas_Macrozonaris_0001.jpg,surprise
dwdii,Nila_Ferran_0001.jpg,sadness
dwdii,Norah_Jones_0010.jpg,surprise
dwdii,Oprah_Winfrey_0001.jpg,surprise
dwdii,Oprah_Winfrey_0002.jpg,surprise
dwdii,Orrin_Hatch_0002.jpg,surprise
dwdii,Ozzy_Osbourne_0001.jpg,sadness
dwdii,Pa_Kou_Hang_0001.jpg,sadness
dwdii,Pablo_Khulental_0001.jpg,surprise
dwdii,Paradorn_Srichaphan_0002.jpg,surprise
dwdii,Paradorn_Srichaphan_0005.jpg,anger
dwdii,Paradorn_Srichaphan_0009.jpg,surprise
dwdii,Pascal_Rheaume_0001.jpg,anger
dwdii,Pat_Riley_0001.jpg,anger
dwdii,Pat_Summitt_0001.jpg,surprise
dwdii,Patricia_Garone_0001.jpg,sadness
dwdii,Patricia_Russo_0001.jpg,surprise
dwdii,Patrick_Ewing_0001.jpg,surprise
dwdii,Patti_Lank_0001.jpg,surprise
dwdii,Patty_Schnyder_0001.jpg,sadness
dwdii,Patty_Schnyder_0003.jpg,sadness
dwdii,Paul_Bremer_0020.jpg,sadness
dwdii,Paul_McNulty_0001.jpg,surprise
dwdii,Paula_Radcliffe_0004.jpg,disgust
dwdii,Penelope_Taylor_0001.jpg,sadness
dwdii,Pete_Carroll_0002.jpg,surprise
dwdii,Pete_Carroll_0003.jpg,surprise
dwdii,Pete_Gillen_0001.jpg,anger
dwdii,Peter_Holmberg_0001.jpg,sadness
dwdii,Phil_Bennett_0001.jpg,anger
dwdii,Phil_Mickelson_0001.jpg,surprise
dwdii,Placido_Domingo_0003.jpg,sadness
dwdii,Princess_Maxima_0001.jpg,anger
dwdii,Queen_Rania_0003.jpg,surprise
dwdii,Raag_Singhal_0001.jpg,surprise
dwdii,Rachel_Wheatley_0001.jpg,anger
dwdii,Raoul_Ruiz_0002.jpg,surprise
dwdii,Ray_Lewis_0001.jpg,anger
dwdii,Recep_Tayyip_Erdogan_0018.jpg,anger
dwdii,Reggie_Miller_0001.jpg,anger
dwdii,Reggie_Sanders_0001.jpg,surprise
dwdii,Richard_Cohen_0001.jpg,surprise
dwdii,Richard_Gephardt_0008.jpg,surprise
dwdii,Richard_Gephardt_0010.jpg,surprise
dwdii,Richard_Myers_0007.jpg,sadness
dwdii,Richard_Penniman_0001.jpg,surprise
dwdii,Rick_Carlisle_0001.jpg,disgust
dwdii,Rick_Carlisle_0002.jpg,anger
dwdii,Rick_Pitino_0001.jpg,surprise
dwdii,Rick_Pitino_0002.jpg,surprise
dwdii,Rick_Pitino_0004.jpg,surprise
dwdii,Rick_Stansbury_0001.jpg,anger
dwdii,Rick_Stansbury_0002.jpg,surprise
dwdii,Ricky_Cottrill_0001.jpg,surprise
dwdii,Ricky_Quick_0001.jpg,surprise
dwdii,Riek_Blanjaar_0001.jpg,sadness
dwdii,Robert_Blake_0004.jpg,sadness
dwdii,Robert_Blake_0008.jpg,surprise
dwdii,Robert_Bullock_0002.jpg,anger
dwdii,Robert_Duvall_0008.jpg,surprise
dwdii,Robert_Ehrlich_0001.jpg,surprise
dwdii,Robert_Ehrlich_0002.jpg,surprise
dwdii,Roberto_Benigni_0002.jpg,surprise
dwdii,Roberto_Laratro_0001.jpg,surprise
dwdii,Roger_Mahony_0001.jpg,sadness
dwdii,Roh_Moo-hyun_0008.jpg,sadness
dwdii,Rollie_Massimino_0001.jpg,sadness
dwdii,Rose_Marie_0001.jpg,anger
dwdii,Roy_Blunt_0001.jpg,surprise
dwdii,Roy_Moore_0003.jpg,surprise
dwdii,Roy_Romanow_0001.jpg,surprise
dwdii,Roy_Williams_0002.jpg,anger
dwdii,Ruano_Pascual_0001.jpg,fear
dwdii,Rubens_Barrichello_0009.jpg,surprise
dwdii,Rubens_Barrichello_0012.jpg,surprise
dwdii,Rudolph_Giuliani_0004.jpg,surprise
dwdii,Saeb_Erekat_0002.jpg,anger
dwdii,Sandy_Smith_0001.jpg,sadness
dwdii,Sarah_Hughes_0006.jpg,surprise
dwdii,Sarah_Michelle_Gellar_0002.jpg,surprise
dwdii,Satnarine_Sharma_0001.jpg,sadness
dwdii,Sebastian_Saja_0003.jpg,surprise
dwdii,Serena_Williams_0001.jpg,anger
dwdii,Serena_Williams_0005.jpg,anger
dwdii,Serena_Williams_0006.jpg,anger
dwdii,Serena_Williams_0008.jpg,anger
dwdii,Serena_Williams_0009.jpg,anger
dwdii,Serena_Williams_0010.jpg,anger
dwdii,Serena_Williams_0011.jpg,anger
dwdii,Serena_Williams_0015.jpg,anger
dwdii,Serena_Williams_0022.jpg,anger
dwdii,Serena_Williams_0023.jpg,anger
dwdii,Serena_Williams_0028.jpg,anger
dwdii,Serena_Williams_0039.jpg,anger
dwdii,Serena_Williams_0041.jpg,anger
dwdii,Sergei_Yushenkov_0001.jpg,surprise
dwdii,Sergio_Vieira_De_Mello_0001.jpg,sadness
dwdii,Sergio_Vieira_De_Mello_0002.jpg,surprise
dwdii,Shane_Warne_0001.jpg,anger
dwdii,Shanna_Zolman_0001.jpg,surprise
dwdii,Shoshannah_Stern_0001.jpg,surprise
dwdii,Sidney_Kimmel_0001.jpg,surprise
dwdii,Silvio_Fernandez_0001.jpg,surprise
dwdii,Simon_Larose_0001.jpg,surprise
dwdii,Slobodan_Milosevic_0004.jpg,sadness
dwdii,Sohail_Abbas_0001.jpg,surprise
dwdii,Sonja_Kesselschlager_0001.jpg,anger
dwdii,Sourav_Ganguly_0002.jpg,disgust
dwdii,Spencer_Abraham_0015.jpg,surprise
dwdii,Spencer_Abraham_0017.jpg,surprise
dwdii,Stan_Heath_0002.jpg,surprise
dwdii,Stefan_Holm_0001.jpg,anger
dwdii,Steffi_Graf_0001.jpg,surprise
dwdii,Stephanie_Cohen_Aloro_0001.jpg,fear
dwdii,Stephen_Arigbabu_0001.jpg,disgust
dwdii,Stephen_Keener_0001.jpg,surprise
dwdii,Steve_Ballmer_0003.jpg,surprise
dwdii,Steve_Nash_0002.jpg,surprise
dwdii,Steve_Nash_0003.jpg,surprise
dwdii,Steve_Nash_0004.jpg,fear
dwdii,Steve_Redgrave_0001.jpg,surprise
dwdii,Steven_Curtis_Chapman_0001.jpg,surprise
dwdii,Steven_Feldman_0001.jpg,surprise
dwdii,Stuart_Knoll_0001.jpg,sadness
dwdii,Sue_Guevara_0001.jpg,sadness
dwdii,Suzanne_Gaudet_0001.jpg,surprise
dwdii,Suzanne_Gaudet_0002.jpg,surprise
dwdii,Svetislav_Pesic_0001.jpg,surprise
dwdii,Svetlana_Belousova_0001.jpg,sadness
dwdii,T_Boone_Pickens_0001.jpg,happiness
dwdii,Tali_Imani_0001.jpg,anger
dwdii,Tatiana_Panova_0001.jpg,sadness
dwdii,Taufik_Hidayat_0001.jpg,surprise
dwdii,Terry_McAuliffe_0002.jpg,surprise
dwdii,Thad_Matta_0001.jpg,surprise
dwdii,Thomas_Enqvist_0001.jpg,anger
dwdii,Thomas_OBrien_0008.jpg,sadness
dwdii,Thomas_Scavone_0001.jpg,disgust
dwdii,Tiger_Woods_0001.jpg,sadness
dwdii,Tiger_Woods_0023.jpg,sadness
dwdii,Tim_Conway_0003.jpg,surprise
dwdii,Tim_Henman_0001.jpg,anger
dwdii,Tim_Henman_0005.jpg,contempt
dwdii,Tim_Lobinger_0001.jpg,sadness
dwdii,Tim_Matheson_0001.jpg,anger
dwdii,Tom_Brennan_0001.jpg,anger
dwdii,Tom_Coverdale_0001.jpg,anger
dwdii,Tom_Crean_0002.jpg,surprise
dwdii,Tom_Crean_0003.jpg,surprise
dwdii,Tom_Daschle_0015.jpg,anger
dwdii,Tom_Daschle_0023.jpg,surprise
dwdii,Tom_DeLay_0001.jpg,surprise
dwdii,Tom_Izzo_0001.jpg,surprise
dwdii,Tom_Jones_0001.jpg,surprise
dwdii,Tom_Jones_0002.jpg,surprise
dwdii,Tom_Poston_0001.jpg,sadness
dwdii,Tom_Ridge_0001.jpg,anger
dwdii,Tom_Ridge_0005.jpg,anger
dwdii,Tom_Ridge_0026.jpg,surprise
dwdii,Tommy_Amaker_0001.jpg,anger
dwdii,Tommy_Franks_0006.jpg,anger
dwdii,Tommy_Haas_0005.jpg,surprise
dwdii,Tommy_Haas_0006.jpg,anger
dwdii,Tommy_Robredo_0002.jpg,anger
dwdii,Tommy_Robredo_0003.jpg,anger
dwdii,Tony_Blair_0009.jpg,surprise
dwdii,Tony_Blair_0047.jpg,surprise
dwdii,Tony_Blair_0051.jpg,surprise
dwdii,Tony_Blair_0087.jpg,surprise
dwdii,Tony_Blair_0110.jpg,surprise
dwdii,Tony_Blair_0119.jpg,surprise
dwdii,Tracy_McGrady_0002.jpg,anger
dwdii,Trent_Lott_0014.jpg,sadness
dwdii,Trisha_Meili_0001.jpg,happiness
dwdii,Trista_Rehn_0001.jpg,happiness
dwdii,Troy_Aikman_0001.jpg,happiness
dwdii,Trudi_Lacey_0001.jpg,happiness
dwdii,Tsutomu_Takebe_0002.jpg,happiness
dwdii,Tubby_Smith_0003.jpg,happiness
dwdii,Tung_Chee-hwa_0003.jpg,happiness
dwdii,Tung_Chee-hwa_0004.jpg,happiness
dwdii,Tung_Chee-hwa_0005.jpg,happiness
dwdii,Tung_Chee-hwa_0008.jpg,happiness
dwdii,Turner_Gill_0001.jpg,happiness
dwdii,Turner_Stevenson_0001.jpg,happiness
dwdii,Tyler_Grillo_0001.jpg,surprise
dwdii,Tyler_Hamilton_0001.jpg,disgust
dwdii,Tyler_Hamilton_0002.jpg,happiness
dwdii,Uday_Hussein_0001.jpg,happiness
dwdii,Uma_Thurman_0001.jpg,happiness
dwdii,Uma_Thurman_0002.jpg,happiness
dwdii,Uma_Thurman_0003.jpg,happiness
dwdii,Uri_Lopolianski_0001.jpg,happiness
dwdii,Urmila_Matondkar_0001.jpg,happiness
dwdii,Uzi_Even_0001.jpg,happiness
dwdii,Uzi_Landau_0001.jpg,happiness
dwdii,Vaclav_Havel_0003.jpg,happiness
dwdii,Vaclav_Havel_0004.jpg,happiness
dwdii,Vaclav_Havel_0005.jpg,happiness
dwdii,Vaclav_Havel_0007.jpg,happiness
dwdii,Vaclav_Havel_0008.jpg,happiness
dwdii,Vaclav_Klaus_0002.jpg,happiness
dwdii,Vadim_Devyatovskiy_0001.jpg,happiness
dwdii,Vagit_Alekperov_0001.jpg,happiness
dwdii,Valdas_Adamkus_0002.jpg,happiness
dwdii,Valentina_Tereshkova_0001.jpg,happiness
dwdii,Valentino_Rossi_0001.jpg,happiness
dwdii,Valentino_Rossi_0002.jpg,happiness
dwdii,Valentino_Rossi_0003.jpg,happiness
dwdii,Valentino_Rossi_0004.jpg,happiness
dwdii,Valentino_Rossi_0005.jpg,happiness
dwdii,Valentino_Rossi_0006.jpg,happiness
dwdii,Valeri_Bure_0001.jpg,happiness
dwdii,Valerie_Harper_0001.jpg,happiness
dwdii,Valerie_Harper_0002.jpg,happiness
dwdii,Valerie_Thwaites_0001.jpg,anger
dwdii,Valery_Giscard_dEstaing_0004.jpg,happiness
dwdii,Valery_Giscard_dEstaing_0006.jpg,happiness
dwdii,Vanessa_Incontrada_0001.jpg,happiness
dwdii,Vanessa_Incontrada_0002.jpg,happiness
dwdii,Vanessa_Incontrada_0003.jpg,happiness
dwdii,Vanessa_Incontrada_0004.jpg,happiness
dwdii,Vanessa_Laine_0001.jpg,happiness
dwdii,Vanessa_Redgrave_0001.jpg,happiness
dwdii,Vanessa_Redgrave_0002.jpg,happiness
dwdii,Vanessa_Redgrave_0003.jpg,happiness
dwdii,Vanessa_Redgrave_0004.jpg,happiness
dwdii,Vanessa_Redgrave_0005.jpg,happiness
dwdii,Vanessa_Williams_0001.jpg,happiness
dwdii,Vanessa_Williams_0002.jpg,happiness
dwdii,Vanessa_Williams_0003.jpg,happiness
dwdii,Venus_Williams_0002.jpg,happiness
dwdii,Venus_Williams_0005.jpg,sadness
dwdii,Venus_Williams_0008.jpg,sadness
dwdii,Venus_Williams_0009.jpg,sadness
dwdii,Venus_Williams_0010.jpg,happiness
dwdii,Venus_Williams_0011.jpg,happiness
dwdii,Venus_Williams_0012.jpg,happiness
dwdii,Venus_Williams_0014.jpg,happiness
dwdii,Venus_Williams_0017.jpg,happiness
dwdii,Veronica_Lake_0001.jpg,happiness
dwdii,Vicente_Fernandez_0001.jpg,happiness
dwdii,Vicente_Fernandez_0002.jpg,happiness
dwdii,Vicente_Fernandez_0003.jpg,happiness
dwdii,Vicente_Fernandez_0005.jpg,happiness
dwdii,Vicente_Fox_0005.jpg,happiness
dwdii,Vicente_Fox_0007.jpg,happiness
dwdii,Vicente_Fox_0008.jpg,happiness
dwdii,Vicente_Fox_0009.jpg,surprise
dwdii,Vicente_Fox_0012.jpg,happiness
dwdii,Vicente_Fox_0013.jpg,happiness
dwdii,Vicente_Fox_0015.jpg,happiness
dwdii,Vicente_Fox_0017.jpg,happiness
dwdii,Vicente_Fox_0018.jpg,happiness
dwdii,Vicente_Fox_0022.jpg,happiness
dwdii,Vicente_Fox_0029.jpg,happiness
dwdii,Vicente_Fox_0030.jpg,surprise
dwdii,Vicente_Fox_de_la_Concha_0001.jpg,happiness
dwdii,Vicki_Zhao_Wei_0001.jpg,happiness
dwdii,Vicki_Zhao_Wei_0002.jpg,happiness
dwdii,Victor_Garber_0001.jpg,happiness
dwdii,Victor_Hanescu_0001.jpg,neutral
dwdii,Victor_Kraatz_0001.jpg,happiness
dwdii,Victoria_Beckham_0001.jpg,happiness
dwdii,Victoria_Clarke_0002.jpg,neutral
dwdii,Victoria_Clarke_0003.jpg,neutral
dwdii,Victoria_Clarke_0004.jpg,neutral
dwdii,Victoria_Clarke_0005.jpg,neutral
dwdii,Vidar_Helgesen_0001.jpg,happiness
dwdii,Vidar_Helgesen_0002.jpg,neutral
dwdii,Vijay_Nambiar_0001.jpg,neutral
dwdii,Viktor_Yushchenko_0001.jpg,neutral
dwdii,Vin_Diesel_0001.jpg,neutral
dwdii,Vin_Diesel_0002.jpg,neutral
dwdii,Vince_Carter_0001.jpg,happiness
dwdii,Vince_Carter_0002.jpg,neutral
dwdii,Vince_Carter_0003.jpg,neutral
dwdii,Vince_Carter_0004.jpg,neutral
dwdii,Vince_Dooley_0001.jpg,neutral
dwdii,Vince_Gill_0001.jpg,happiness
dwdii,Vince_Gill_0002.jpg,neutral
dwdii,Vince_Vaughan_0001.jpg,happiness
dwdii,Vincent_Brooks_0001.jpg,neutral
dwdii,Vincent_Brooks_0002.jpg,neutral
dwdii,Vincent_Brooks_0003.jpg,neutral
dwdii,Vincent_Brooks_0004.jpg,neutral
dwdii,Vincent_Brooks_0005.jpg,neutral
dwdii,Vincent_Brooks_0006.jpg,neutral
dwdii,Vincent_Brooks_0007.jpg,neutral
dwdii,Vincent_Cianci_Jr_0001.jpg,neutral
dwdii,Vincent_Gallo_0001.jpg,neutral
dwdii,Vincent_Gallo_0002.jpg,neutral
dwdii,Vincent_Gallo_0003.jpg,neutral
dwdii,Vincent_Sombrotto_0001.jpg,happiness
dwdii,Vincent_Spadea_0001.jpg,neutral
dwdii,Vinnie_Jones_0001.jpg,neutral
dwdii,Viola_Davis_0001.jpg,happiness
dwdii,Virgina_Ruano_Pascal_0001.jpg,neutral
dwdii,Vitali_Klitschko_0001.jpg,neutral
dwdii,Vitali_Klitschko_0002.jpg,happiness
dwdii,Vitali_Klitschko_0003.jpg,neutral
dwdii,Vitali_Klitschko_0004.jpg,neutral
dwdii,Vivica_Fox_0001.jpg,happiness
dwdii,Vivica_Fox_0002.jpg,happiness
dwdii,Vladimir_Golovlyov_0001.jpg,neutral
dwdii,Vladimir_Meciar_0001.jpg,neutral
dwdii,Vladimir_Putin_0001.jpg,happiness
dwdii,Vladimir_Putin_0002.jpg,neutral
dwdii,Vladimir_Putin_0003.jpg,happiness
dwdii,Vladimir_Putin_0004.jpg,neutral
dwdii,Vladimir_Putin_0005.jpg,happiness
dwdii,Vladimir_Putin_0006.jpg,happiness
dwdii,Vladimir_Putin_0007.jpg,neutral
dwdii,Vladimir_Putin_0008.jpg,neutral
dwdii,Vladimir_Putin_0009.jpg,happiness
dwdii,Vladimir_Putin_0010.jpg,neutral
dwdii,Vladimir_Putin_0011.jpg,neutral
dwdii,Vladimir_Putin_0012.jpg,happiness
dwdii,Vladimir_Putin_0013.jpg,neutral
dwdii,Vladimir_Putin_0014.jpg,happiness
dwdii,Vladimir_Putin_0015.jpg,neutral
dwdii,Vladimir_Putin_0016.jpg,neutral
dwdii,Vladimir_Putin_0017.jpg,neutral
dwdii,Vladimir_Putin_0018.jpg,neutral
dwdii,Vladimir_Putin_0019.jpg,happiness
dwdii,Vladimir_Putin_0020.jpg,happiness
dwdii,Vladimir_Putin_0021.jpg,neutral
dwdii,Vladimir_Putin_0022.jpg,neutral
dwdii,Vladimir_Putin_0023.jpg,happiness
dwdii,Vladimir_Putin_0024.jpg,happiness
dwdii,Vladimir_Putin_0025.jpg,happiness
dwdii,Vladimir_Putin_0026.jpg,happiness
dwdii,Vladimir_Putin_0027.jpg,neutral
dwdii,Vladimir_Putin_0028.jpg,neutral
dwdii,Vladimir_Putin_0031.jpg,neutral
dwdii,Vladimir_Putin_0032.jpg,neutral
dwdii,Vladimir_Putin_0033.jpg,neutral
dwdii,Vladimir_Putin_0034.jpg,neutral
dwdii,Vladimir_Putin_0035.jpg,neutral
dwdii,Vladimir_Putin_0036.jpg,neutral
dwdii,Vladimir_Putin_0037.jpg,neutral
dwdii,Vladimir_Putin_0038.jpg,happiness
dwdii,Vladimir_Putin_0039.jpg,neutral
dwdii,Vladimir_Putin_0041.jpg,happiness
dwdii,Vladimir_Putin_0042.jpg,happiness
dwdii,Vladimir_Putin_0043.jpg,sadness
dwdii,Vladimir_Putin_0044.jpg,happiness
dwdii,Vladimir_Putin_0045.jpg,neutral
dwdii,Vladimir_Putin_0046.jpg,happiness
dwdii,Vladimir_Putin_0047.jpg,neutral
dwdii,Vladimir_Putin_0048.jpg,neutral
dwdii,Vladimir_Putin_0049.jpg,happiness
dwdii,Vladimir_Spidla_0001.jpg,neutral
dwdii,Vladimir_Spidla_0002.jpg,neutral
dwdii,Vladimir_Spidla_0003.jpg,happiness
dwdii,Vladimir_Ustinov_0001.jpg,neutral
dwdii,Vladimir_Voltchkov_0001.jpg,neutral
dwdii,Vladimir_Voltchkov_0002.jpg,neutral
dwdii,Vladimiro_Montesinos_0001.jpg,neutral
dwdii,Vladimiro_Montesinos_0002.jpg,neutral
dwdii,Vladimiro_Montesinos_0003.jpg,neutral
dwdii,Vojislav_Kostunica_0001.jpg,neutral
dwdii,Vojislav_Kostunica_0002.jpg,contempt
dwdii,Vojislav_Kostunica_0003.jpg,neutral
dwdii,Vojislav_Kostunica_0004.jpg,neutral
dwdii,Vojislav_Kostunica_0005.jpg,neutral
dwdii,Vojislav_Kostunica_0006.jpg,happiness
dwdii,Vojislav_Kostunica_0007.jpg,neutral
dwdii,Vojislav_Seselj_0001.jpg,happiness
dwdii,Vyacheslav_Fetisov_0001.jpg,neutral
dwdii,Vytas_Danelius_0001.jpg,neutral
dwdii,Walid_Al-Awadi_0001.jpg,neutral
dwdii,Wallace_Capel_0001.jpg,neutral
dwdii,Wally_Szczerbiak_0001.jpg,neutral
dwdii,Walt_Harris_0001.jpg,neutral
dwdii,Walter_Annenberg_0001.jpg,neutral
dwdii,Walter_Mondale_0001.jpg,neutral
dwdii,Walter_Mondale_0003.jpg,happiness
dwdii,Walter_Mondale_0004.jpg,happiness
dwdii,Walter_Mondale_0005.jpg,happiness
dwdii,Walter_Mondale_0006.jpg,neutral
dwdii,Walter_Mondale_0007.jpg,happiness
dwdii,Walter_Mondale_0008.jpg,happiness
dwdii,Walter_Mondale_0009.jpg,happiness
dwdii,Walter_Mondale_0010.jpg,happiness
dwdii,Walter_Woods_0001.jpg,neutral
dwdii,Wan_Yanhai_0001.jpg,happiness
dwdii,Wanda_de_la_Jesus_0001.jpg,neutral
dwdii,Wanda_Ilene_Barzee_0001.jpg,neutral
dwdii,Wang_Fei_0001.jpg,neutral
dwdii,Wang_Hailan_0001.jpg,sadness
dwdii,Wang_Nan_0001.jpg,neutral
dwdii,Wang_Yi_0001.jpg,neutral
dwdii,Wang_Yi_0002.jpg,neutral
dwdii,Wang_Yingfan_0001.jpg,happiness
dwdii,Wang_Yingfan_0002.jpg,happiness
dwdii,Wang_Yingfan_0003.jpg,neutral
dwdii,Ward_Cuff_0001.jpg,neutral
dwdii,Warren_Beatty_0001.jpg,happiness
dwdii,Warren_Beatty_0002.jpg,happiness
dwdii,Warren_Buffett_0001.jpg,happiness
dwdii,Warren_Buffett_0002.jpg,happiness
dwdii,Warren_Buffett_0003.jpg,neutral
dwdii,Warren_Granados_0001.jpg,happiness
dwdii,Warren_Truss_0001.jpg,neutral
dwdii,Wayne_Allard_0001.jpg,neutral
dwdii,Wayne_Brady_0001.jpg,happiness
dwdii,Wayne_Ferreira_0001.jpg,neutral
dwdii,Wayne_Ferreira_0002.jpg,neutral
dwdii,Wayne_Ferreira_0003.jpg,surprise
dwdii,Wayne_Ferreira_0004.jpg,surprise
dwdii,Wayne_Ferreira_0005.jpg,neutral
dwdii,Wayne_Gretzky_0001.jpg,happiness
dwdii,Wayne_Gretzky_0002.jpg,happiness
dwdii,Wayne_Gretzky_0003.jpg,happiness
dwdii,Wayne_Gretzky_0004.jpg,happiness
dwdii,Wayne_Newton_0001.jpg,happiness
dwdii,Wei_Wu_0001.jpg,happiness
dwdii,Wen_Jiabao_0001.jpg,happiness
dwdii,Wen_Jiabao_0002.jpg,happiness
dwdii,Wen_Jiabao_0003.jpg,happiness
dwdii,Wen_Jiabao_0004.jpg,happiness
dwdii,Wen_Jiabao_0005.jpg,happiness
dwdii,Wen_Jiabao_0006.jpg,neutral
dwdii,Wen_Jiabao_0007.jpg,happiness
dwdii,Wen_Jiabao_0008.jpg,happiness
dwdii,Wen_Jiabao_0009.jpg,happiness
dwdii,Wen_Jiabao_0010.jpg,happiness
dwdii,Wen_Jiabao_0011.jpg,neutral
dwdii,Wen_Jiabao_0012.jpg,happiness
dwdii,Wen_Jiabao_0013.jpg,happiness
dwdii,Wendell_Bryant_0001.jpg,neutral
dwdii,Wendy_Selig_0001.jpg,neutral
dwdii,Werner_Schlager_0001.jpg,happiness
dwdii,Wes_Craven_0001.jpg,happiness
dwdii,Wesley_Clark_0001.jpg,neutral
dwdii,Wesley_Clark_0002.jpg,neutral
dwdii,Whoopi_Goldberg_0001.jpg,happiness
dwdii,Wilbert_Elki_Meza_Majino_0001.jpg,neutral
dwdii,Wilbert_Foy_0001.jpg,neutral
dwdii,Wilfredo_Moreno_0001.jpg,anger
dwdii,Will_Ofenheusle_0001.jpg,neutral
dwdii,Will_Self_0001.jpg,neutral
dwdii,Will_Smith_0001.jpg,happiness
dwdii,Will_Smith_0002.jpg,happiness
dwdii,Will_Young_0001.jpg,happiness
dwdii,William_Bratton_0001.jpg,neutral
dwdii,William_Bratton_0002.jpg,neutral
dwdii,William_Bratton_0003.jpg,neutral
dwdii,William_Bulger_0001.jpg,neutral
dwdii,William_Bulger_0003.jpg,neutral
dwdii,William_Bulger_0004.jpg,neutral
dwdii,William_Burns_0001.jpg,neutral
dwdii,William_Burns_0002.jpg,neutral
dwdii,William_Cocksedge_0001.jpg,happiness
dwdii,William_Delahunt_0001.jpg,neutral
dwdii,William_Donaldson_0001.jpg,happiness
dwdii,William_Donaldson_0002.jpg,happiness
dwdii,William_Donaldson_0003.jpg,neutral
dwdii,William_Donaldson_0004.jpg,neutral
dwdii,William_Donaldson_0005.jpg,neutral
dwdii,William_Donaldson_0006.jpg,neutral
dwdii,William_Donaldson_0007.jpg,neutral
dwdii,William_Ford_Jr_0001.jpg,neutral
dwdii,William_Ford_Jr_0002.jpg,happiness
dwdii,William_Ford_Jr_0003.jpg,happiness
dwdii,William_Ford_Jr_0004.jpg,neutral
dwdii,William_Ford_Jr_0005.jpg,happiness
dwdii,William_Ford_Jr_0007.jpg,happiness
dwdii,William_Genego_0001.jpg,neutral
dwdii,William_Harrison_0001.jpg,neutral
dwdii,William_Hochul_0001.jpg,neutral
dwdii,William_Hochul_0002.jpg,happiness
dwdii,William_Hurt_0001.jpg,neutral
dwdii,William_Hyde_0001.jpg,happiness
dwdii,William_Jackson_0001.jpg,neutral
dwdii,William_Joppy_0001.jpg,happiness
dwdii,William_Macy_0001.jpg,happiness
dwdii,William_Macy_0002.jpg,neutral
dwdii,William_Macy_0003.jpg,neutral
dwdii,William_Macy_0004.jpg,neutral
dwdii,William_Macy_0005.jpg,happiness
dwdii,William_Martin_0001.jpg,neutral
dwdii,William_Martin_0002.jpg,neutral
dwdii,William_McDonough_0001.jpg,neutral
dwdii,William_Morrow_0001.jpg,happiness
dwdii,William_Murabito_0001.jpg,neutral
dwdii,William_Nessen_0001.jpg,happiness
dwdii,William_Overlin_0001.jpg,happiness
dwdii,William_Perry_0001.jpg,neutral
dwdii,William_Pryor_Jr_0001.jpg,neutral
dwdii,William_Ragland_0001.jpg,neutral
dwdii,William_Rehnquist_0001.jpg,happiness
dwdii,William_Rehnquist_0002.jpg,neutral
dwdii,William_Rosenberg_0001.jpg,happiness
dwdii,William_Shatner_0001.jpg,happiness
dwdii,William_Swor_0001.jpg,neutral
dwdii,William_Umbach_0001.jpg,neutral
dwdii,William_Webster_0001.jpg,neutral
dwdii,Willie_Nelson_0001.jpg,happiness
dwdii,Willie_Wilson_0001.jpg,neutral
dwdii,Willis_Roberts_0001.jpg,neutral
dwdii,Wilma_McNabb_0001.jpg,happiness
dwdii,Wilson_Alvarez_0001.jpg,happiness
dwdii,Wilton_Gregory_0001.jpg,neutral
dwdii,Wim_Duisenberg_0001.jpg,neutral
dwdii,Win_Aung_0001.jpg,happiness
dwdii,Win_Aung_0002.jpg,neutral
dwdii,Win_Aung_0003.jpg,neutral
dwdii,Win_Aung_0004.jpg,neutral
dwdii,Winona_Ryder_0001.jpg,neutral
dwdii,Winona_Ryder_0002.jpg,surprise
dwdii,Winona_Ryder_0003.jpg,neutral
dwdii,Winona_Ryder_0004.jpg,neutral
dwdii,Winona_Ryder_0005.jpg,neutral
dwdii,Winona_Ryder_0006.jpg,neutral
dwdii,Winona_Ryder_0007.jpg,neutral
dwdii,Winona_Ryder_0008.jpg,neutral
dwdii,Winona_Ryder_0009.jpg,neutral
dwdii,Winona_Ryder_0010.jpg,neutral
dwdii,Winona_Ryder_0011.jpg,neutral
dwdii,Winona_Ryder_0012.jpg,surprise
dwdii,Winona_Ryder_0013.jpg,happiness
dwdii,Winona_Ryder_0014.jpg,neutral
dwdii,Winona_Ryder_0015.jpg,neutral
dwdii,Winona_Ryder_0016.jpg,neutral
dwdii,Winona_Ryder_0017.jpg,happiness
dwdii,Winona_Ryder_0018.jpg,neutral
dwdii,Winona_Ryder_0019.jpg,neutral
dwdii,Winona_Ryder_0020.jpg,neutral
dwdii,Winona_Ryder_0021.jpg,neutral
dwdii,Winona_Ryder_0022.jpg,neutral
dwdii,Winona_Ryder_0023.jpg,neutral
dwdii,Winona_Ryder_0024.jpg,neutral
dwdii,Winston_Churchill_0001.jpg,neutral
dwdii,Wolfgang_Becker_0001.jpg,happiness
dwdii,Wolfgang_Clement_0001.jpg,neutral
dwdii,Wolfgang_Schneiderhan_0001.jpg,neutral
dwdii,Wolfgang_Schuessel_0001.jpg,happiness
dwdii,Wolfgang_Schuessel_0002.jpg,neutral
dwdii,Wolfgang_Schuessel_0003.jpg,happiness
dwdii,Wolfgang_Schuessel_0004.jpg,happiness
dwdii,Wolfgang_Schwarz_0001.jpg,neutral
dwdii,Woodrow_Stanley_0001.jpg,neutral
dwdii,Woody_Allen_0002.jpg,neutral
dwdii,Woody_Allen_0003.jpg,neutral
dwdii,Woody_Allen_0005.jpg,neutral
dwdii,Wu_Peng_0001.jpg,neutral
dwdii,Wu_Yi_0001.jpg,happiness
dwdii,Wu_Yi_0002.jpg,neutral
dwdii,Wu_Yi_0003.jpg,happiness
dwdii,Wycliffe_Grousbeck_0001.jpg,happiness
dwdii,Xanana_Gusmao_0001.jpg,neutral
dwdii,Xanana_Gusmao_0003.jpg,neutral
dwdii,Xanana_Gusmao_0004.jpg,neutral
dwdii,Xanana_Gusmao_0005.jpg,anger
dwdii,Xavier_Malisse_0001.jpg,neutral
dwdii,Xavier_Malisse_0003.jpg,neutral
dwdii,Xavier_Malisse_0004.jpg,neutral
dwdii,Xavier_Malisse_0005.jpg,neutral
dwdii,Xiang_Huaicheng_0001.jpg,neutral
dwdii,Xiang_Liu_0001.jpg,happiness
dwdii,Xiang_Xu_0001.jpg,happiness
dwdii,Ximena_Bohorquez_0001.jpg,happiness
dwdii,Yale_Kamisar_0001.jpg,happiness
dwdii,Yana_Klochkova_0001.jpg,happiness
dwdii,Yang_Hee_Kim_0001.jpg,neutral
dwdii,Yang_Jianli_0001.jpg,happiness
dwdii,Yang_Pao-yu_0001.jpg,happiness
dwdii,Yann_Martel_0001.jpg,neutral
dwdii,Yann_Martel_0002.jpg,happiness
dwdii,Yannos_Papantoniou_0001.jpg,happiness
dwdii,Yao_Ming_0001.jpg,neutral
dwdii,Yao_Ming_0002.jpg,neutral
dwdii,Yao_Ming_0003.jpg,happiness
dwdii,Yao_Ming_0004.jpg,surprise
dwdii,Yao_Ming_0005.jpg,neutral
dwdii,Yao_Ming_0006.jpg,happiness
dwdii,Yao_Ming_0007.jpg,neutral
dwdii,Yao_Ming_0008.jpg,neutral
dwdii,Yasar_Yakis_0001.jpg,neutral
dwdii,Yasar_Yakis_0002.jpg,neutral
dwdii,Yasar_Yakis_0003.jpg,neutral
dwdii,Yasar_Yakis_0004.jpg,neutral
dwdii,Yasein_Taher_0001.jpg,neutral
dwdii,Yashwant_Sinha_0001.jpg,neutral
dwdii,Yashwant_Sinha_0002.jpg,neutral
dwdii,Yashwant_Sinha_0003.jpg,happiness
dwdii,Yashwant_Sinha_0004.jpg,happiness
dwdii,Yashwant_Sinha_0005.jpg,happiness
dwdii,Yashwant_Sinha_0006.jpg,happiness
dwdii,Yashwant_Sinha_0007.jpg,happiness
dwdii,Yasser_Arafat_0001.jpg,happiness
dwdii,Yasser_Arafat_0002.jpg,happiness
dwdii,Yasser_Arafat_0003.jpg,neutral
dwdii,Yasser_Arafat_0006.jpg,neutral
dwdii,Yasushi_Akashi_0001.jpg,neutral
dwdii,Yekaterina_Guseva_0001.jpg,happiness
dwdii,Yevgeny_Kafelnikov_0001.jpg,happiness
dwdii,Yevgeny_Kafelnikov_0002.jpg,surprise
dwdii,Yevgeny_Kafelnikov_0003.jpg,anger
dwdii,Yevgeny_Kafelnikov_0004.jpg,neutral
dwdii,Yingfan_Wang_0001.jpg,neutral
dwdii,Yishan_Zhang_0001.jpg,neutral
dwdii,Yoelbi_Quesada_0001.jpg,neutral
dwdii,Yogi_Berra_0001.jpg,happiness
dwdii,Yoko_Ono_0001.jpg,happiness
dwdii,Yoko_Ono_0002.jpg,happiness
dwdii,Yoko_Ono_0003.jpg,neutral
dwdii,Yoko_Ono_0004.jpg,happiness
dwdii,Yoko_Ono_0005.jpg,happiness
dwdii,Yoko_Ono_0006.jpg,neutral
dwdii,Yolanda_King_0001.jpg,happiness
dwdii,Yoo_Jay-Kun_0001.jpg,neutral
dwdii,Yoon_Jeong_Cho_0001.jpg,sadness
dwdii,Yoon_Jin-Sik_0001.jpg,neutral
dwdii,Yoon_Won-Sik_0001.jpg,neutral
dwdii,Yoon_Young-kwan_0001.jpg,happiness
dwdii,Yoriko_Kawaguchi_0001.jpg,happiness
dwdii,Yoriko_Kawaguchi_0002.jpg,neutral
dwdii,Yoriko_Kawaguchi_0003.jpg,neutral
dwdii,Yoriko_Kawaguchi_0004.jpg,happiness
dwdii,Yoriko_Kawaguchi_0005.jpg,happiness
dwdii,Yoriko_Kawaguchi_0006.jpg,neutral
dwdii,Yoriko_Kawaguchi_0007.jpg,neutral
dwdii,Yoriko_Kawaguchi_0008.jpg,happiness
dwdii,Yoriko_Kawaguchi_0009.jpg,happiness
dwdii,Yoriko_Kawaguchi_0010.jpg,happiness
dwdii,Yoriko_Kawaguchi_0011.jpg,happiness
dwdii,Yoriko_Kawaguchi_0012.jpg,neutral
dwdii,Yoriko_Kawaguchi_0013.jpg,happiness
dwdii,Yoriko_Kawaguchi_0014.jpg,neutral
dwdii,Yory_Boy_Campas_0001.jpg,happiness
dwdii,Yoshiyuki_Kamei_0001.jpg,neutral
dwdii,Yossi_Beilin_0001.jpg,neutral
dwdii,Yossi_Beilin_0002.jpg,neutral
dwdii,Yu_Shyi-kun_0001.jpg,happiness
dwdii,Yu_Shyi-kun_0002.jpg,neutral
dwdii,Yu_Shyi-kun_0003.jpg,happiness
dwdii,Yu_Shyi-kun_0004.jpg,happiness
dwdii,Yukiko_Okudo_0001.jpg,neutral
dwdii,Yukiko_Okudo_0002.jpg,neutral
dwdii,Yukio_Hatoyama_0001.jpg,neutral
dwdii,Yuri_Fedotov_0001.jpg,happiness
dwdii,Yuri_Fedotov_0002.jpg,neutral
dwdii,Yuri_Luzhkov_0001.jpg,neutral
dwdii,Yuri_Malenchenko_0001.jpg,happiness
dwdii,Yuri_Malenchenko_0002.jpg,neutral
dwdii,Yusaku_Miyazato_0001.jpg,happiness
dwdii,Yves_Brodeur_0001.jpg,neutral
dwdii,Zach_Parise_0001.jpg,neutral
dwdii,Zach_Pillar_0001.jpg,neutral
dwdii,Zach_Safrin_0001.jpg,neutral
dwdii,Zafarullah_Khan_Jamali_0001.jpg,neutral
dwdii,Zafarullah_Khan_Jamali_0002.jpg,neutral
dwdii,Zahir_Shah_0001.jpg,neutral
dwdii,Zaini_Abdullah_0001.jpg,neutral
dwdii,Zakia_Hakki_0001.jpg,happiness
dwdii,Zara_Akhmadova_0001.jpg,neutral
dwdii,Zarai_Toledo_0001.jpg,happiness
dwdii,Zarai_Toledo_0002.jpg,neutral
dwdii,Zavad_Zarif_0001.jpg,neutral
dwdii,Zdravko_Mucic_0001.jpg,happiness
dwdii,Zeljko_Rebraca_0001.jpg,happiness
dwdii,Zelma_Novelo_0001.jpg,happiness
dwdii,Zeng_Qinghong_0001.jpg,neutral
dwdii,Zhang_Wenkang_0001.jpg,happiness
dwdii,Zhang_Wenkang_0002.jpg,happiness
dwdii,Zhang_Yimou_0001.jpg,happiness
dwdii,Zhang_Ziyi_0001.jpg,neutral
dwdii,Zhang_Ziyi_0002.jpg,happiness
dwdii,Zhang_Ziyi_0003.jpg,happiness
dwdii,Zhang_Ziyi_0004.jpg,happiness
dwdii,Zhong_Nanshan_0001.jpg,neutral
dwdii,Zhu_Rongji_0001.jpg,happiness
dwdii,Zhu_Rongji_0002.jpg,neutral
dwdii,Zhu_Rongji_0003.jpg,happiness
dwdii,Zhu_Rongji_0004.jpg,neutral
dwdii,Zhu_Rongji_0005.jpg,surprise
dwdii,Zhu_Rongji_0006.jpg,neutral
dwdii,Zhu_Rongji_0007.jpg,neutral
dwdii,Zhu_Rongji_0008.jpg,happiness
dwdii,Zhu_Rongji_0009.jpg,happiness
dwdii,Zico_0001.jpg,happiness
dwdii,Zico_0002.jpg,happiness
dwdii,Zico_0003.jpg,happiness
dwdii,Zinedine_Zidane_0001.jpg,happiness
dwdii,Zinedine_Zidane_0002.jpg,neutral
dwdii,Zinedine_Zidane_0003.jpg,neutral
dwdii,Zinedine_Zidane_0004.jpg,happiness
dwdii,Zinedine_Zidane_0005.jpg,neutral
dwdii,Zinedine_Zidane_0006.jpg,neutral
dwdii,Ziwang_Xu_0001.jpg,happiness
dwdii,Zoe_Ball_0001.jpg,happiness
dwdii,Zoran_Djindjic_0001.jpg,neutral
dwdii,Zoran_Djindjic_0002.jpg,neutral
dwdii,Zoran_Djindjic_0003.jpg,neutral
dwdii,Zoran_Djindjic_0004.jpg,happiness
dwdii,Zorica_Radovic_0001.jpg,neutral
dwdii,Zulfiqar_Ahmed_0001.jpg,neutral
dwdii,Zumrati_Juma_0001.jpg,neutral
dwdii,Zurab_Tsereteli_0001.jpg,happiness
dwdii,Zydrunas_Ilgauskas_0001.jpg,neutral
